<?xml version="1.0" encoding="UTF-8"?>
<configurationDescriptor version="62">
  <logicalFolder name="root" displayName="root" projectFiles="true">
    <logicalFolder name="HeaderFiles"
                   displayName="Header Files"
                   projectFiles="true">
      <logicalFolder name="BLAPI" displayName="BLAPI" projectFiles="true">
        <itemPath>../blapi/version.h</itemPath>
      </logicalFolder>
      <logicalFolder name="Bootloader" displayName="Bootloader" projectFiles="true">
        <itemPath>../bootloader_common/bootloader_defs.h</itemPath>
        <itemPath>../bootloader_common/ioio_file.h</itemPath>
        <itemPath>boot_protocol.h</itemPath>
        <itemPath>boot_protocol_defs.h</itemPath>
        <itemPath>boot_features.h</itemPath>
        <itemPath>../bootloader_common/flash.h</itemPath>
      </logicalFolder>
      <logicalFolder name="Common" displayName="Common" projectFiles="true">
        <itemPath>../microchip/include/Compiler.h</itemPath>
        <itemPath>../microchip/include/GenericTypeDefs.h</itemPath>
        <itemPath>../microchip/include/struct_queue.h</itemPath>
        <itemPath>../microchip/include/timer.h</itemPath>
        <itemPath>../microchip/include/uart2.h</itemPath>
        <itemPath>../common/byte_queue.h</itemPath>
      </logicalFolder>
      <itemPath>../common/logging.h</itemPath>
      <itemPath>../bootloader_common/board.h</itemPath>
    </logicalFolder>
    <logicalFolder name="LibraryFiles"
                   displayName="Library Files"
                   projectFiles="true">
    </logicalFolder>
    <logicalFolder name="LinkerScript"
                   displayName="Linker Files"
                   projectFiles="true">
      <itemPath>../common/dummy.gld</itemPath>
    </logicalFolder>
    <logicalFolder name="ObjectFiles"
                   displayName="Object Files"
                   projectFiles="true">
    </logicalFolder>
    <logicalFolder name="SourceFiles"
                   displayName="Source Files"
                   projectFiles="true">
      <logicalFolder name="Bootloader" displayName="Bootloader" projectFiles="true">
        <itemPath>version.c</itemPath>
        <itemPath>../bootloader_common/flash.c</itemPath>
        <itemPath>../bootloader_common/ioio_file.c</itemPath>
        <itemPath>boot_protocol.c</itemPath>
        <itemPath>../common/byte_queue.c</itemPath>
        <itemPath>boot_features.c</itemPath>
      </logicalFolder>
      <logicalFolder name="Common" displayName="Common" projectFiles="true">
        <itemPath>../common/logging.c</itemPath>
        <itemPath>../microchip/common/uart2.c</itemPath>
      </logicalFolder>
      <itemPath>main.c</itemPath>
    </logicalFolder>
    <logicalFolder name="ExternalFiles"
                   displayName="Important Files"
                   projectFiles="false">
      <itemPath>Makefile</itemPath>
      <itemPath>boot_BLAPI_3.gld</itemPath>
      <itemPath>boot_IOIO0030.gld</itemPath>
    </logicalFolder>
  </logicalFolder>
  <projectmakefile>Makefile</projectmakefile>
  <confs>
    <conf name="SPRK0020" type="2">
      <toolsSet>
        <developmentServer>localhost</developmentServer>
        <targetDevice>PIC24FJ256GB206</targetDevice>
        <targetHeader></targetHeader>
        <targetPluginBoard></targetPluginBoard>
        <platformTool>PICkit3PlatformTool</platformTool>
        <languageToolchain>XC16</languageToolchain>
        <languageToolchainVersion>1.25</languageToolchainVersion>
        <platform>3</platform>
      </toolsSet>
      <compileType>
        <linkerTool>
          <linkerLibItems>
          </linkerLibItems>
        </linkerTool>
        <archiverTool>
        </archiverTool>
        <loading>
          <useAlternateLoadableFile>false</useAlternateLoadableFile>
          <parseOnProdLoad>false</parseOnProdLoad>
          <alternateLoadableFile></alternateLoadableFile>
        </loading>
      </compileType>
      <makeCustomizationType>
        <makeCustomizationPreStepEnabled>false</makeCustomizationPreStepEnabled>
        <makeCustomizationPreStep></makeCustomizationPreStep>
        <makeCustomizationPostStepEnabled>false</makeCustomizationPostStepEnabled>
        <makeCustomizationPostStep></makeCustomizationPostStep>
        <makeCustomizationPutChecksumInUserID>false</makeCustomizationPutChecksumInUserID>
        <makeCustomizationEnableLongLines>false</makeCustomizationEnableLongLines>
        <makeCustomizationNormalizeHexFile>false</makeCustomizationNormalizeHexFile>
      </makeCustomizationType>
      <C30>
        <property key="code-model" value="default"/>
        <property key="const-model" value="const-in-data"/>
        <property key="data-model" value="large-data"/>
        <property key="disable-instruction-scheduling" value="false"/>
        <property key="enable-all-warnings" value="true"/>
        <property key="enable-ansi-std" value="false"/>
        <property key="enable-ansi-warnings" value="false"/>
        <property key="enable-fatal-warnings" value="false"/>
        <property key="enable-large-arrays" value="false"/>
        <property key="enable-omit-frame-pointer" value="false"/>
        <property key="enable-procedural-abstraction" value="false"/>
        <property key="enable-short-double" value="true"/>
        <property key="enable-symbols" value="true"/>
        <property key="enable-unroll-loops" value="false"/>
        <property key="extra-include-directories"
                  value=".;..;../blapi;../common;../libadb;../microchip/include;../libusb;../bootloader_common"/>
        <property key="isolate-each-function" value="false"/>
        <property key="keep-inline" value="false"/>
        <property key="oXC16gcc-align-arr" value="false"/>
        <property key="oXC16gcc-cnsts-mauxflash" value="false"/>
        <property key="oXC16gcc-data-sects" value="false"/>
        <property key="oXC16gcc-errata" value=""/>
        <property key="oXC16gcc-fillupper" value=""/>
        <property key="oXC16gcc-large-aggregate" value="false"/>
        <property key="oXC16gcc-mauxflash" value="false"/>
        <property key="oXC16gcc-mpa-lvl" value=""/>
        <property key="oXC16gcc-name-text-sec" value=""/>
        <property key="oXC16gcc-near-chars" value="false"/>
        <property key="oXC16gcc-no-isr-warn" value="false"/>
        <property key="oXC16gcc-sfr-warn" value="false"/>
        <property key="oXC16gcc-smar-io-lvl" value="1"/>
        <property key="oXC16gcc-smart-io-fmt" value=""/>
        <property key="optimization-level" value="s"/>
        <property key="post-instruction-scheduling" value="default"/>
        <property key="pre-instruction-scheduling" value="default"/>
        <property key="preprocessor-macros"
                  value="BOARD_VER=1020;NDEBUG;USB_SUPPORT_DEVICE"/>
        <property key="scalar-model" value="default"/>
        <property key="use-cci" value="false"/>
        <property key="use-iar" value="false"/>
      </C30>
      <C30-AR>
        <property key="additional-options-chop-files" value="false"/>
      </C30-AR>
      <C30-AS>
        <property key="assembler-symbols" value=""/>
        <property key="expand-macros" value="false"/>
        <property key="extra-include-directories-for-assembler" value=".."/>
        <property key="extra-include-directories-for-preprocessor" value=""/>
        <property key="false-conditionals" value="false"/>
        <property key="keep-locals" value="false"/>
        <property key="list-assembly" value="false"/>
        <property key="list-file" value=""/>
        <property key="list-section-info" value="false"/>
        <property key="list-source" value="false"/>
        <property key="list-symbols" value="false"/>
        <property key="omit-debug-dirs" value="false"/>
        <property key="omit-forms" value="false"/>
        <property key="preprocessor-macros" value=""/>
        <property key="relax" value="false"/>
        <property key="warning-level" value="emit-warnings"/>
      </C30-AS>
      <C30-LD>
        <property key="additional-options-use-response-files" value="false"/>
        <property key="boot-eeprom" value="no_eeprom"/>
        <property key="boot-flash" value="no_flash"/>
        <property key="boot-ram" value="no_ram"/>
        <property key="boot-write-protect" value="no_write_protect"/>
        <property key="enable-check-sections" value="false"/>
        <property key="enable-data-init" value="true"/>
        <property key="enable-default-isr" value="true"/>
        <property key="enable-handles" value="false"/>
        <property key="enable-pack-data" value="true"/>
        <property key="extra-lib-directories"
                  value="../libusb/dist/PIC24FJ256GB206_CDC/production"/>
        <property key="fill-flash-options-addr" value=""/>
        <property key="fill-flash-options-const" value=""/>
        <property key="fill-flash-options-how" value="0"/>
        <property key="fill-flash-options-inc-const" value="1"/>
        <property key="fill-flash-options-increment" value=""/>
        <property key="fill-flash-options-seq" value=""/>
        <property key="fill-flash-options-what" value="0"/>
        <property key="general-code-protect" value="no_code_protect"/>
        <property key="general-write-protect" value="no_write_protect"/>
        <property key="generate-cross-reference-file" value="false"/>
        <property key="heap-size" value="512"/>
        <property key="input-libraries" value="usb"/>
        <property key="linker-stack" value="true"/>
        <property key="linker-symbols" value=""/>
        <property key="map-file" value="&quot;$(BINDIR_)$(TARGETBASE).map&quot;"/>
        <property key="oXC16ld-extra-opts" value=""/>
        <property key="oXC16ld-fill-upper" value="0"/>
        <property key="oXC16ld-force-link" value="false"/>
        <property key="oXC16ld-no-smart-io" value="false"/>
        <property key="oXC16ld-nostdlib" value="false"/>
        <property key="oXC16ld-stackguard" value="16"/>
        <property key="preprocessor-macros" value=""/>
        <property key="remove-unused-sections" value="true"/>
        <property key="report-memory-usage" value="true"/>
        <property key="secure-eeprom" value="no_eeprom"/>
        <property key="secure-flash" value="no_flash"/>
        <property key="secure-ram" value="no_ram"/>
        <property key="secure-write-protect" value="no_write_protect"/>
        <property key="stack-size" value=""/>
        <property key="symbol-stripping" value="keep-all"/>
        <property key="trace-symbols" value=""/>
        <property key="warn-section-align" value="false"/>
        <appendMe value="-Tboot_IOIO0030.gld"/>
      </C30-LD>
      <C30Global>
        <property key="common-include-directories" value=""/>
        <property key="dual-boot-partition" value="0"/>
        <property key="fast-math" value="false"/>
        <property key="generic-16-bit" value="false"/>
        <property key="legacy-libc" value="false"/>
        <property key="oXC16glb-macros" value=""/>
        <property key="output-file-format" value="elf"/>
        <property key="relaxed-math" value="false"/>
        <property key="save-temps" value="false"/>
      </C30Global>
      <PICkit3PlatformTool>
        <property key="ADC 1" value="true"/>
        <property key="AutoSelectMemRanges" value="manual"/>
        <property key="CLOCK CONTROL" value="true"/>
        <property key="COMPARATOR" value="true"/>
        <property key="CRC" value="true"/>
        <property key="CTMU" value="true"/>
        <property key="I2C1" value="true"/>
        <property key="I2C2" value="true"/>
        <property key="I2C3" value="true"/>
        <property key="INPUT CAPTURE 1" value="true"/>
        <property key="INPUT CAPTURE 2" value="true"/>
        <property key="INPUT CAPTURE 3" value="true"/>
        <property key="INPUT CAPTURE 4" value="true"/>
        <property key="INPUT CAPTURE 5" value="true"/>
        <property key="INPUT CAPTURE 6" value="true"/>
        <property key="INPUT CAPTURE 7" value="true"/>
        <property key="INPUT CAPTURE 8" value="true"/>
        <property key="INPUT CAPTURE 9" value="true"/>
        <property key="OUTPUT COMPARE 1" value="true"/>
        <property key="OUTPUT COMPARE 2" value="true"/>
        <property key="OUTPUT COMPARE 3" value="true"/>
        <property key="OUTPUT COMPARE 4" value="true"/>
        <property key="OUTPUT COMPARE 5" value="true"/>
        <property key="OUTPUT COMPARE 6" value="true"/>
        <property key="OUTPUT COMPARE 7" value="true"/>
        <property key="OUTPUT COMPARE 8" value="true"/>
        <property key="OUTPUT COMPARE 9" value="true"/>
        <property key="PARALLEL MASTER/SLAVE PORT" value="true"/>
        <property key="RTCC" value="true"/>
        <property key="SPI 1" value="true"/>
        <property key="SPI 2" value="true"/>
        <property key="SPI 3" value="true"/>
        <property key="SecureSegment.SegmentProgramming" value="FullChipProgramming"/>
        <property key="TIMER1" value="true"/>
        <property key="TIMER2" value="true"/>
        <property key="TIMER3" value="true"/>
        <property key="TIMER4" value="true"/>
        <property key="TIMER5" value="true"/>
        <property key="ToolFirmwareFilePath"
                  value="C:\Microchip/MPLABX/mplab_ide/mplablibs/modules/ext/PICKIT3.jar/PK3FW_012720.jam"/>
        <property key="ToolFirmwareOption.UseLatestFirmware" value="true"/>
        <property key="UART 1" value="true"/>
        <property key="UART 2" value="true"/>
        <property key="UART 3" value="true"/>
        <property key="UART 4" value="true"/>
        <property key="UCNFG1" value="true"/>
        <property key="hwtoolclock.frcindebug" value="false"/>
        <property key="memories.aux" value="false"/>
        <property key="memories.bootflash" value="true"/>
        <property key="memories.configurationmemory" value="true"/>
        <property key="memories.configurationmemory2" value="true"/>
        <property key="memories.dataflash" value="true"/>
        <property key="memories.eeprom" value="false"/>
        <property key="memories.flashdata" value="true"/>
        <property key="memories.id" value="false"/>
        <property key="memories.programmemory" value="true"/>
        <property key="memories.programmemory.end" value="0x4fff"/>
        <property key="memories.programmemory.partition2" value="true"/>
        <property key="memories.programmemory.partition2.end"
                  value="${memories.programmemory.partition2.end.value}"/>
        <property key="memories.programmemory.partition2.start"
                  value="${memories.programmemory.partition2.start.value}"/>
        <property key="memories.programmemory.start" value="0x0"/>
        <property key="poweroptions.powerenable" value="false"/>
        <property key="programmertogo.imagename" value=""/>
        <property key="programoptions.donoteraseauxmem" value="false"/>
        <property key="programoptions.eraseb4program" value="true"/>
        <property key="programoptions.pgmspeed" value="2"/>
        <property key="programoptions.preservedataflash" value="false"/>
        <property key="programoptions.preserveeeprom" value="false"/>
        <property key="programoptions.preserveprogramrange" value="false"/>
        <property key="programoptions.preserveprogramrange.end" value="0xff"/>
        <property key="programoptions.preserveprogramrange.start" value="0x0"/>
        <property key="programoptions.preserveuserid" value="false"/>
        <property key="programoptions.programcalmem" value="false"/>
        <property key="programoptions.programuserotp" value="false"/>
        <property key="programoptions.testmodeentrymethod" value="VDDFirst"/>
        <property key="programoptions.usehighvoltageonmclr" value="false"/>
        <property key="programoptions.uselvpprogramming" value="false"/>
        <property key="voltagevalue" value="3.25"/>
      </PICkit3PlatformTool>
    </conf>
  </confs>
</configurationDescriptor>
