<?xml version="1.0" encoding="UTF-8"?>
<configurationDescriptor version="62">
  <logicalFolder name="root" displayName="root" projectFiles="true">
    <logicalFolder name="HeaderFiles"
                   displayName="Header Files"
                   projectFiles="true">
      <logicalFolder name="BLAPI" displayName="BLAPI" projectFiles="true">
        <itemPath>../blapi/adb.h</itemPath>
        <itemPath>../blapi/adb_file.h</itemPath>
        <itemPath>../blapi/bootloader.h</itemPath>
        <itemPath>../blapi/flash.h</itemPath>
      </logicalFolder>
      <itemPath>HardwareProfile.h</itemPath>
      <itemPath>../bootloader/microchip/include/uart2.h</itemPath>
    </logicalFolder>
    <logicalFolder name="LibraryFiles"
                   displayName="Library Files"
                   projectFiles="true">
    </logicalFolder>
    <logicalFolder name="LinkerScript"
                   displayName="Linker Files"
                   projectFiles="true">
      <itemPath>../common/dummy.gld</itemPath>
    </logicalFolder>
    <logicalFolder name="ObjectFiles"
                   displayName="Object Files"
                   projectFiles="true">
    </logicalFolder>
    <logicalFolder name="SourceFiles"
                   displayName="Source Files"
                   projectFiles="true">
      <itemPath>main.c</itemPath>
      <itemPath>../microchip/common/uart2.c</itemPath>
    </logicalFolder>
    <logicalFolder name="ExternalFiles"
                   displayName="Important Files"
                   projectFiles="false">
      <itemPath>Makefile</itemPath>
    </logicalFolder>
  </logicalFolder>
  <sourceRootList>
    <Elem>..</Elem>
  </sourceRootList>
  <projectmakefile>Makefile</projectmakefile>
  <confs>
    <conf name="IOIO0001" type="2">
      <toolsSet>
        <developmentServer>localhost</developmentServer>
        <targetDevice>PIC24FJ128DA106</targetDevice>
        <targetHeader></targetHeader>
        <platformTool>PICkit3PlatformTool</platformTool>
        <languageToolchain>C30</languageToolchain>
        <compilerSet>C30</compilerSet>
        <platform>3</platform>
      </toolsSet>
      <compileType>
        <linkerTool>
          <linkerLibItems>
          </linkerLibItems>
        </linkerTool>
      </compileType>
      <C30>
        <property key="scalar-model" value="default"/>
        <property key="extra-include-directories" value=".;..;../microchip/include"/>
        <property key="preprocessor-macros" value=""/>
        <property key="data-model" value="default"/>
        <property key="enable-all-warnings" value="true"/>
        <property key="pre-instruction-scheduling" value="default"/>
        <property key="enable-short-double" value="true"/>
        <property key="enable-ansi-warnings" value="false"/>
        <property key="optimization-level" value="0"/>
        <property key="enable-procedural-abstraction" value="false"/>
        <property key="enable-fatal-warnings" value="false"/>
        <property key="post-instruction-scheduling" value="default"/>
        <property key="enable-omit-frame-pointer" value="false"/>
        <property key="enable-ansi-std" value="false"/>
        <property key="enable-unroll-loops" value="false"/>
        <property key="const-model" value="default"/>
        <property key="code-model" value="default"/>
      </C30>
      <C30-AS>
        <property key="omit-debug-dirs" value="false"/>
        <property key="extra-include-directories-for-assembler" value="..;"/>
        <property key="preprocessor-macros" value=""/>
        <property key="list-file" value=""/>
        <property key="list-source" value="false"/>
        <property key="list-assembly" value="false"/>
        <property key="relax" value="false"/>
        <property key="extra-include-directories-for-preprocessor" value=""/>
        <property key="warning-level" value="emit-warnings"/>
        <property key="list-section-info" value="false"/>
        <property key="omit-forms" value="false"/>
        <property key="list-symbols" value="false"/>
        <property key="keep-locals" value="false"/>
        <property key="false-conditionals" value="false"/>
        <property key="expand-macros" value="false"/>
        <property key="assembler-symbols" value=""/>
      </C30-AS>
      <C30-LD>
        <property key="preprocessor-macros" value=""/>
        <property key="general-code-protect" value="no_code_protect"/>
        <property key="secure-write-protect" value="no_write_protect"/>
        <property key="warn-section-align" value="false"/>
        <property key="heap-size" value=""/>
        <property key="stack-size" value=""/>
        <property key="linker-symbols" value=""/>
        <property key="trace-symbols" value=""/>
        <property key="map-file" value="&quot;$(BINDIR_)$(TARGETBASE).map&quot;"/>
        <property key="enable-pack-data" value="true"/>
        <property key="boot-eeprom" value="no_eeprom"/>
        <property key="general-write-protect" value="no_write_protect"/>
        <property key="enable-handles" value="true"/>
        <property key="enable-data-init" value="true"/>
        <property key="secure-flash" value="no_flash"/>
        <property key="boot-write-protect" value="no_write_protect"/>
        <property key="boot-flash" value="no_flash"/>
        <property key="report-memory-usage" value="true"/>
        <property key="generate-cross-reference-file" value="false"/>
        <property key="input-libraries" value=""/>
        <property key="secure-ram" value="no_ram"/>
        <property key="enable-check-sections" value="true"/>
        <property key="enable-default-isr" value="true"/>
        <property key="symbol-stripping" value="keep-all"/>
        <property key="boot-ram" value="no_ram"/>
        <property key="secure-eeprom" value="no_eeprom"/>
        <property key="extra-lib-directories" value="../../blapi"/>
        <appendMe value="-Tboot_IOIO0001.gld"/>
      </C30-LD>
      <PICkit3PlatformTool>
        <property key="UART 4" value="true"/>
        <property key="UART 3" value="true"/>
        <property key="UART 2" value="true"/>
        <property key="UART 1" value="true"/>
        <property key="programoptions.eraseb4program" value="true"/>
        <property key="memories.id" value="false"/>
        <property key="memories.eeprom" value="false"/>
        <property key="COMPARATOR" value="true"/>
        <property key="programoptions.usehighvoltageonmclr" value="false"/>
        <property key="INPUT CAPTURE 9" value="true"/>
        <property key="INPUT CAPTURE 8" value="true"/>
        <property key="INPUT CAPTURE 7" value="true"/>
        <property key="INPUT CAPTURE 6" value="true"/>
        <property key="INPUT CAPTURE 5" value="true"/>
        <property key="INPUT CAPTURE 4" value="true"/>
        <property key="INPUT CAPTURE 3" value="true"/>
        <property key="INPUT CAPTURE 2" value="true"/>
        <property key="RTCC" value="true"/>
        <property key="INPUT CAPTURE 1" value="true"/>
        <property key="ADC 1" value="true"/>
        <property key="OUTPUT COMPARE 9" value="true"/>
        <property key="OUTPUT COMPARE 8" value="true"/>
        <property key="OUTPUT COMPARE 7" value="true"/>
        <property key="OUTPUT COMPARE 6" value="true"/>
        <property key="OUTPUT COMPARE 5" value="true"/>
        <property key="OUTPUT COMPARE 4" value="true"/>
        <property key="memories.programmemory" value="true"/>
        <property key="OUTPUT COMPARE 3" value="true"/>
        <property key="OUTPUT COMPARE 2" value="true"/>
        <property key="OUTPUT COMPARE 1" value="true"/>
        <property key="poweroptions.powerenable" value="false"/>
        <property key="memories.programmemory.start" value="0x0"/>
        <property key="AutoSelectMemRanges" value="auto"/>
        <property key="voltagevalue" value="3.25"/>
        <property key="memories.programmemory.end" value="0x157f7"/>
        <property key="TIMER5" value="true"/>
        <property key="SPI 3" value="true"/>
        <property key="TIMER4" value="true"/>
        <property key="SPI 2" value="true"/>
        <property key="TIMER3" value="true"/>
        <property key="SPI 1" value="true"/>
        <property key="TIMER2" value="true"/>
        <property key="TIMER1" value="true"/>
        <property key="CTMU" value="true"/>
        <property key="CLOCK CONTROL" value="true"/>
        <property key="UCNFG1" value="true"/>
        <property key="GRAPHICS" value="true"/>
        <property key="CRC" value="true"/>
        <property key="I2C3" value="true"/>
        <property key="I2C2" value="true"/>
        <property key="I2C1" value="true"/>
        <property key="Freeze All Other Peripherals" value="true"/>
      </PICkit3PlatformTool>
    </conf>
    <conf name="IOIO0002" type="2">
      <toolsSet>
        <developmentServer>localhost</developmentServer>
        <targetDevice>PIC24FJ128DA206</targetDevice>
        <targetHeader></targetHeader>
        <platformTool>PICkit3PlatformTool</platformTool>
        <languageToolchain>C30</languageToolchain>
        <compilerSet>C30</compilerSet>
        <platform>3</platform>
      </toolsSet>
      <compileType>
        <linkerTool>
          <linkerLibItems>
          </linkerLibItems>
        </linkerTool>
      </compileType>
      <C30>
        <property key="scalar-model" value="default"/>
        <property key="extra-include-directories" value=".;..;../microchip/include"/>
        <property key="preprocessor-macros" value=""/>
        <property key="data-model" value="default"/>
        <property key="enable-all-warnings" value="true"/>
        <property key="pre-instruction-scheduling" value="default"/>
        <property key="enable-short-double" value="true"/>
        <property key="enable-ansi-warnings" value="false"/>
        <property key="optimization-level" value="0"/>
        <property key="enable-procedural-abstraction" value="false"/>
        <property key="enable-fatal-warnings" value="false"/>
        <property key="post-instruction-scheduling" value="default"/>
        <property key="enable-omit-frame-pointer" value="false"/>
        <property key="enable-ansi-std" value="false"/>
        <property key="enable-unroll-loops" value="false"/>
        <property key="const-model" value="default"/>
        <property key="code-model" value="default"/>
      </C30>
      <C30-AS>
        <property key="omit-debug-dirs" value="false"/>
        <property key="extra-include-directories-for-assembler" value="..;"/>
        <property key="preprocessor-macros" value=""/>
        <property key="list-file" value=""/>
        <property key="list-source" value="false"/>
        <property key="list-assembly" value="false"/>
        <property key="relax" value="false"/>
        <property key="extra-include-directories-for-preprocessor" value=""/>
        <property key="warning-level" value="emit-warnings"/>
        <property key="list-section-info" value="false"/>
        <property key="omit-forms" value="false"/>
        <property key="list-symbols" value="false"/>
        <property key="keep-locals" value="false"/>
        <property key="false-conditionals" value="false"/>
        <property key="expand-macros" value="false"/>
        <property key="assembler-symbols" value=""/>
      </C30-AS>
      <C30-LD>
        <property key="preprocessor-macros" value=""/>
        <property key="general-code-protect" value="no_code_protect"/>
        <property key="secure-write-protect" value="no_write_protect"/>
        <property key="warn-section-align" value="false"/>
        <property key="heap-size" value=""/>
        <property key="stack-size" value=""/>
        <property key="linker-symbols" value=""/>
        <property key="trace-symbols" value=""/>
        <property key="map-file" value="&quot;$(BINDIR_)$(TARGETBASE).map&quot;"/>
        <property key="enable-pack-data" value="true"/>
        <property key="boot-eeprom" value="no_eeprom"/>
        <property key="general-write-protect" value="no_write_protect"/>
        <property key="enable-handles" value="true"/>
        <property key="enable-data-init" value="true"/>
        <property key="secure-flash" value="no_flash"/>
        <property key="boot-write-protect" value="no_write_protect"/>
        <property key="boot-flash" value="no_flash"/>
        <property key="report-memory-usage" value="true"/>
        <property key="generate-cross-reference-file" value="false"/>
        <property key="input-libraries" value=""/>
        <property key="secure-ram" value="no_ram"/>
        <property key="enable-check-sections" value="true"/>
        <property key="enable-default-isr" value="true"/>
        <property key="symbol-stripping" value="keep-all"/>
        <property key="boot-ram" value="no_ram"/>
        <property key="secure-eeprom" value="no_eeprom"/>
        <property key="extra-lib-directories" value="../../blapi"/>
        <appendMe value="-Tboot_IOIO0002.gld"/>
      </C30-LD>
      <PICkit3PlatformTool>
        <property key="UART 4" value="true"/>
        <property key="UART 3" value="true"/>
        <property key="UART 2" value="true"/>
        <property key="UART 1" value="true"/>
        <property key="programoptions.eraseb4program" value="true"/>
        <property key="memories.id" value="false"/>
        <property key="memories.eeprom" value="false"/>
        <property key="COMPARATOR" value="true"/>
        <property key="programoptions.usehighvoltageonmclr" value="false"/>
        <property key="INPUT CAPTURE 9" value="true"/>
        <property key="INPUT CAPTURE 8" value="true"/>
        <property key="INPUT CAPTURE 7" value="true"/>
        <property key="INPUT CAPTURE 6" value="true"/>
        <property key="INPUT CAPTURE 5" value="true"/>
        <property key="INPUT CAPTURE 4" value="true"/>
        <property key="INPUT CAPTURE 3" value="true"/>
        <property key="INPUT CAPTURE 2" value="true"/>
        <property key="RTCC" value="true"/>
        <property key="INPUT CAPTURE 1" value="true"/>
        <property key="ADC 1" value="true"/>
        <property key="OUTPUT COMPARE 9" value="true"/>
        <property key="OUTPUT COMPARE 8" value="true"/>
        <property key="OUTPUT COMPARE 7" value="true"/>
        <property key="OUTPUT COMPARE 6" value="true"/>
        <property key="OUTPUT COMPARE 5" value="true"/>
        <property key="OUTPUT COMPARE 4" value="true"/>
        <property key="memories.programmemory" value="true"/>
        <property key="OUTPUT COMPARE 3" value="true"/>
        <property key="OUTPUT COMPARE 2" value="true"/>
        <property key="OUTPUT COMPARE 1" value="true"/>
        <property key="poweroptions.powerenable" value="false"/>
        <property key="memories.programmemory.start" value="0x0"/>
        <property key="AutoSelectMemRanges" value="auto"/>
        <property key="voltagevalue" value="3.25"/>
        <property key="memories.programmemory.end" value="0x157f7"/>
        <property key="TIMER5" value="true"/>
        <property key="SPI 3" value="true"/>
        <property key="TIMER4" value="true"/>
        <property key="SPI 2" value="true"/>
        <property key="TIMER3" value="true"/>
        <property key="SPI 1" value="true"/>
        <property key="TIMER2" value="true"/>
        <property key="TIMER1" value="true"/>
        <property key="CTMU" value="true"/>
        <property key="CLOCK CONTROL" value="true"/>
        <property key="UCNFG1" value="true"/>
        <property key="GRAPHICS" value="true"/>
        <property key="CRC" value="true"/>
        <property key="I2C3" value="true"/>
        <property key="I2C2" value="true"/>
        <property key="I2C1" value="true"/>
        <property key="Freeze All Other Peripherals" value="true"/>
      </PICkit3PlatformTool>
    </conf>
  </confs>
</configurationDescriptor>
